trial_num,periodic,chosen_IOI,has_high_intensity,high_intensity_index,percentage_increase,intervals
0,False,,True,12,0.7317509660735791,"[0.208, 0.296, 0.28, 0.254, 0.167, 0.237, 0.189, 0.176, 0.129, 0.173, 0.309, 0.149, 0.145, 0.359]"
1,False,,True,11,0.7292780946176014,"[0.296, 0.325, 0.179, 0.248, 0.283, 0.177, 0.283, 0.223, 0.294, 0.265, 0.373, 0.31, 0.131, 0.3]"
2,True,0.2,False,,,"[0.2, 0.2, 0.2, 0.2, 0.2, 0.2, 0.2, 0.2, 0.2, 0.2, 0.2, 0.2, 0.2, 0.2]"
3,False,,True,13,0.7104678112204624,"[0.361, 0.195, 0.205, 0.315, 0.174, 0.323, 0.318, 0.289, 0.328, 0.221, 0.3, 0.171, 0.218, 0.183]"
4,True,0.25,False,,,"[0.25, 0.25, 0.25, 0.25, 0.25, 0.25, 0.25, 0.25, 0.25, 0.25, 0.25, 0.25, 0.25, 0.25]"
5,True,0.2,False,,,"[0.2, 0.2, 0.2, 0.2, 0.2, 0.2, 0.2, 0.2, 0.2, 0.2, 0.2, 0.2, 0.2, 0.2]"
6,True,0.25,True,11,0.691943919631898,"[0.25, 0.25, 0.25, 0.25, 0.25, 0.25, 0.25, 0.25, 0.25, 0.25, 0.25, 0.25, 0.25, 0.25]"
7,True,0.2,False,,,"[0.2, 0.2, 0.2, 0.2, 0.2, 0.2, 0.2, 0.2, 0.2, 0.2, 0.2, 0.2, 0.2, 0.2]"
8,False,,False,,,"[0.153, 0.332, 0.369, 0.154, 0.306, 0.146, 0.114, 0.342, 0.128, 0.36, 0.356, 0.307, 0.133, 0.359]"
9,True,0.2,True,14,0.7005774235060359,"[0.2, 0.2, 0.2, 0.2, 0.2, 0.2, 0.2, 0.2, 0.2, 0.2, 0.2, 0.2, 0.2, 0.2]"
10,False,,False,,,"[0.372, 0.375, 0.203, 0.169, 0.189, 0.311, 0.131, 0.157, 0.239, 0.224, 0.155, 0.166, 0.316, 0.356]"
11,False,,False,,,"[0.272, 0.204, 0.338, 0.128, 0.269, 0.186, 0.206, 0.333, 0.193, 0.26, 0.262, 0.157, 0.305, 0.16]"
12,False,,False,,,"[0.32, 0.333, 0.368, 0.14, 0.136, 0.115, 0.144, 0.232, 0.114, 0.214, 0.29, 0.134, 0.139, 0.167]"
13,False,,False,,,"[0.369, 0.289, 0.324, 0.326, 0.231, 0.165, 0.315, 0.23, 0.243, 0.369, 0.195, 0.34, 0.277, 0.227]"
14,True,0.25,True,11,0.7100007004838487,"[0.25, 0.25, 0.25, 0.25, 0.25, 0.25, 0.25, 0.25, 0.25, 0.25, 0.25, 0.25, 0.25, 0.25]"
15,False,,True,13,0.7180666117887827,"[0.18, 0.368, 0.208, 0.137, 0.258, 0.372, 0.157, 0.153, 0.21, 0.308, 0.341, 0.115, 0.247, 0.165]"
16,False,,False,,,"[0.372, 0.277, 0.321, 0.35, 0.105, 0.121, 0.227, 0.333, 0.297, 0.347, 0.239, 0.303, 0.296, 0.294]"
17,True,0.2,True,14,0.6980908342155915,"[0.2, 0.2, 0.2, 0.2, 0.2, 0.2, 0.2, 0.2, 0.2, 0.2, 0.2, 0.2, 0.2, 0.2]"
18,True,0.2,True,12,0.7137852354066915,"[0.2, 0.2, 0.2, 0.2, 0.2, 0.2, 0.2, 0.2, 0.2, 0.2, 0.2, 0.2, 0.2, 0.2]"
19,True,0.2,True,13,0.7295261863349096,"[0.2, 0.2, 0.2, 0.2, 0.2, 0.2, 0.2, 0.2, 0.2, 0.2, 0.2, 0.2, 0.2, 0.2]"
20,False,,False,,,"[0.161, 0.334, 0.201, 0.21, 0.279, 0.261, 0.141, 0.323, 0.283, 0.208, 0.232, 0.229, 0.308, 0.157]"
21,False,,False,,,"[0.324, 0.127, 0.279, 0.322, 0.122, 0.272, 0.258, 0.159, 0.301, 0.303, 0.253, 0.23, 0.157, 0.104]"
22,True,0.25,False,,,"[0.25, 0.25, 0.25, 0.25, 0.25, 0.25, 0.25, 0.25, 0.25, 0.25, 0.25, 0.25, 0.25, 0.25]"
23,False,,True,14,0.689522529566871,"[0.16, 0.128, 0.355, 0.297, 0.205, 0.105, 0.147, 0.278, 0.337, 0.352, 0.361, 0.128, 0.32, 0.366]"
24,False,,False,,,"[0.312, 0.309, 0.276, 0.329, 0.116, 0.162, 0.356, 0.322, 0.169, 0.127, 0.261, 0.209, 0.198, 0.177]"
25,True,0.25,False,,,"[0.25, 0.25, 0.25, 0.25, 0.25, 0.25, 0.25, 0.25, 0.25, 0.25, 0.25, 0.25, 0.25, 0.25]"
26,False,,False,,,"[0.13, 0.287, 0.201, 0.112, 0.31, 0.347, 0.293, 0.134, 0.216, 0.33, 0.191, 0.215, 0.292, 0.259]"
27,False,,True,11,0.7381568067330024,"[0.339, 0.152, 0.136, 0.319, 0.198, 0.277, 0.299, 0.132, 0.139, 0.135, 0.186, 0.232, 0.262, 0.261]"
28,True,0.25,False,,,"[0.25, 0.25, 0.25, 0.25, 0.25, 0.25, 0.25, 0.25, 0.25, 0.25, 0.25, 0.25, 0.25, 0.25]"
29,True,0.2,True,11,0.6750865066075356,"[0.2, 0.2, 0.2, 0.2, 0.2, 0.2, 0.2, 0.2, 0.2, 0.2, 0.2, 0.2, 0.2, 0.2]"
30,False,,True,14,0.7235859183353724,"[0.251, 0.269, 0.291, 0.297, 0.294, 0.303, 0.1, 0.312, 0.242, 0.226, 0.293, 0.132, 0.306, 0.295]"
31,True,0.2,False,,,"[0.2, 0.2, 0.2, 0.2, 0.2, 0.2, 0.2, 0.2, 0.2, 0.2, 0.2, 0.2, 0.2, 0.2]"
32,False,,True,11,0.687044940337147,"[0.244, 0.156, 0.161, 0.142, 0.334, 0.18, 0.105, 0.331, 0.311, 0.209, 0.192, 0.259, 0.234, 0.361]"
33,False,,False,,,"[0.349, 0.215, 0.237, 0.198, 0.117, 0.139, 0.261, 0.165, 0.134, 0.136, 0.159, 0.242, 0.103, 0.163]"
34,False,,True,12,0.7489350660061438,"[0.215, 0.136, 0.295, 0.219, 0.14, 0.219, 0.3, 0.285, 0.36, 0.225, 0.317, 0.279, 0.275, 0.37]"
35,False,,True,12,0.7474658493591116,"[0.337, 0.188, 0.115, 0.201, 0.371, 0.366, 0.197, 0.259, 0.194, 0.149, 0.16, 0.235, 0.193, 0.273]"
36,True,0.2,True,14,0.6802888873294485,"[0.2, 0.2, 0.2, 0.2, 0.2, 0.2, 0.2, 0.2, 0.2, 0.2, 0.2, 0.2, 0.2, 0.2]"
37,True,0.2,True,14,0.7117073109950012,"[0.2, 0.2, 0.2, 0.2, 0.2, 0.2, 0.2, 0.2, 0.2, 0.2, 0.2, 0.2, 0.2, 0.2]"
38,False,,False,,,"[0.256, 0.212, 0.349, 0.333, 0.313, 0.104, 0.345, 0.305, 0.147, 0.23, 0.129, 0.258, 0.25, 0.151]"
39,True,0.2,True,14,0.7253342052819985,"[0.2, 0.2, 0.2, 0.2, 0.2, 0.2, 0.2, 0.2, 0.2, 0.2, 0.2, 0.2, 0.2, 0.2]"
40,False,,True,12,0.6800114196724614,"[0.315, 0.321, 0.284, 0.304, 0.168, 0.358, 0.352, 0.147, 0.355, 0.158, 0.35, 0.301, 0.258, 0.154]"
41,True,0.2,False,,,"[0.2, 0.2, 0.2, 0.2, 0.2, 0.2, 0.2, 0.2, 0.2, 0.2, 0.2, 0.2, 0.2, 0.2]"
42,True,0.25,True,12,0.7135878397387813,"[0.25, 0.25, 0.25, 0.25, 0.25, 0.25, 0.25, 0.25, 0.25, 0.25, 0.25, 0.25, 0.25, 0.25]"
43,False,,False,,,"[0.211, 0.238, 0.144, 0.341, 0.353, 0.104, 0.166, 0.101, 0.109, 0.12, 0.241, 0.203, 0.255, 0.267]"
44,False,,True,11,0.6994514184312027,"[0.273, 0.244, 0.343, 0.112, 0.153, 0.235, 0.119, 0.105, 0.137, 0.126, 0.18, 0.133, 0.331, 0.143]"
45,False,,False,,,"[0.187, 0.168, 0.219, 0.204, 0.196, 0.122, 0.251, 0.109, 0.145, 0.186, 0.223, 0.342, 0.102, 0.317]"
46,False,,False,,,"[0.223, 0.307, 0.14, 0.239, 0.261, 0.267, 0.167, 0.302, 0.358, 0.117, 0.353, 0.339, 0.194, 0.151]"
47,False,,True,13,0.7059000900684547,"[0.341, 0.128, 0.326, 0.234, 0.202, 0.214, 0.154, 0.146, 0.334, 0.145, 0.275, 0.165, 0.29, 0.347]"
48,False,,False,,,"[0.22, 0.199, 0.28, 0.14, 0.341, 0.353, 0.105, 0.104, 0.175, 0.306, 0.11, 0.117, 0.104, 0.21]"
49,True,0.25,True,11,0.710717609162102,"[0.25, 0.25, 0.25, 0.25, 0.25, 0.25, 0.25, 0.25, 0.25, 0.25, 0.25, 0.25, 0.25, 0.25]"
50,True,0.2,False,,,"[0.2, 0.2, 0.2, 0.2, 0.2, 0.2, 0.2, 0.2, 0.2, 0.2, 0.2, 0.2, 0.2, 0.2]"
51,False,,False,,,"[0.222, 0.298, 0.148, 0.244, 0.32, 0.197, 0.298, 0.364, 0.139, 0.336, 0.245, 0.172, 0.141, 0.228]"
52,True,0.25,True,13,0.7474394118677598,"[0.25, 0.25, 0.25, 0.25, 0.25, 0.25, 0.25, 0.25, 0.25, 0.25, 0.25, 0.25, 0.25, 0.25]"
53,True,0.2,False,,,"[0.2, 0.2, 0.2, 0.2, 0.2, 0.2, 0.2, 0.2, 0.2, 0.2, 0.2, 0.2, 0.2, 0.2]"
54,True,0.2,True,11,0.7343191264718019,"[0.2, 0.2, 0.2, 0.2, 0.2, 0.2, 0.2, 0.2, 0.2, 0.2, 0.2, 0.2, 0.2, 0.2]"
55,False,,False,,,"[0.109, 0.227, 0.372, 0.227, 0.102, 0.301, 0.327, 0.311, 0.331, 0.304, 0.137, 0.308, 0.202, 0.182]"
56,True,0.2,False,,,"[0.2, 0.2, 0.2, 0.2, 0.2, 0.2, 0.2, 0.2, 0.2, 0.2, 0.2, 0.2, 0.2, 0.2]"
57,False,,True,11,0.732401494331121,"[0.295, 0.28, 0.295, 0.139, 0.205, 0.167, 0.127, 0.352, 0.136, 0.222, 0.365, 0.245, 0.172, 0.362]"
58,True,0.2,True,11,0.6961739624978392,"[0.2, 0.2, 0.2, 0.2, 0.2, 0.2, 0.2, 0.2, 0.2, 0.2, 0.2, 0.2, 0.2, 0.2]"
59,False,,False,,,"[0.196, 0.133, 0.16, 0.361, 0.185, 0.227, 0.246, 0.148, 0.351, 0.353, 0.138, 0.342, 0.174, 0.246]"
60,True,0.25,False,,,"[0.25, 0.25, 0.25, 0.25, 0.25, 0.25, 0.25, 0.25, 0.25, 0.25, 0.25, 0.25, 0.25, 0.25]"
61,True,0.25,False,,,"[0.25, 0.25, 0.25, 0.25, 0.25, 0.25, 0.25, 0.25, 0.25, 0.25, 0.25, 0.25, 0.25, 0.25]"
62,True,0.2,True,13,0.7246530117689909,"[0.2, 0.2, 0.2, 0.2, 0.2, 0.2, 0.2, 0.2, 0.2, 0.2, 0.2, 0.2, 0.2, 0.2]"
63,False,,True,13,0.7196877839778767,"[0.358, 0.295, 0.107, 0.16, 0.269, 0.138, 0.352, 0.193, 0.116, 0.329, 0.209, 0.247, 0.198, 0.203]"
64,False,,False,,,"[0.322, 0.257, 0.241, 0.283, 0.131, 0.316, 0.166, 0.158, 0.163, 0.22, 0.254, 0.104, 0.184, 0.233]"
65,False,,True,13,0.7351669574513319,"[0.167, 0.143, 0.316, 0.223, 0.117, 0.174, 0.154, 0.166, 0.247, 0.165, 0.142, 0.151, 0.244, 0.318]"
66,False,,True,12,0.7366539111628069,"[0.289, 0.372, 0.224, 0.314, 0.373, 0.269, 0.307, 0.263, 0.167, 0.274, 0.32, 0.369, 0.185, 0.196]"
67,True,0.25,False,,,"[0.25, 0.25, 0.25, 0.25, 0.25, 0.25, 0.25, 0.25, 0.25, 0.25, 0.25, 0.25, 0.25, 0.25]"
68,True,0.25,True,12,0.6851276990434676,"[0.25, 0.25, 0.25, 0.25, 0.25, 0.25, 0.25, 0.25, 0.25, 0.25, 0.25, 0.25, 0.25, 0.25]"
69,False,,False,,,"[0.169, 0.246, 0.33, 0.292, 0.261, 0.224, 0.297, 0.2, 0.211, 0.142, 0.308, 0.305, 0.308, 0.189]"
70,True,0.25,True,12,0.7267413958416273,"[0.25, 0.25, 0.25, 0.25, 0.25, 0.25, 0.25, 0.25, 0.25, 0.25, 0.25, 0.25, 0.25, 0.25]"
71,False,,False,,,"[0.327, 0.177, 0.368, 0.118, 0.335, 0.186, 0.357, 0.2, 0.303, 0.268, 0.352, 0.237, 0.279, 0.357]"
72,True,0.25,False,,,"[0.25, 0.25, 0.25, 0.25, 0.25, 0.25, 0.25, 0.25, 0.25, 0.25, 0.25, 0.25, 0.25, 0.25]"
73,True,0.25,False,,,"[0.25, 0.25, 0.25, 0.25, 0.25, 0.25, 0.25, 0.25, 0.25, 0.25, 0.25, 0.25, 0.25, 0.25]"
74,True,0.2,False,,,"[0.2, 0.2, 0.2, 0.2, 0.2, 0.2, 0.2, 0.2, 0.2, 0.2, 0.2, 0.2, 0.2, 0.2]"
75,False,,False,,,"[0.273, 0.358, 0.327, 0.253, 0.285, 0.272, 0.223, 0.337, 0.121, 0.134, 0.202, 0.114, 0.304, 0.12]"
76,True,0.2,False,,,"[0.2, 0.2, 0.2, 0.2, 0.2, 0.2, 0.2, 0.2, 0.2, 0.2, 0.2, 0.2, 0.2, 0.2]"
77,True,0.25,False,,,"[0.25, 0.25, 0.25, 0.25, 0.25, 0.25, 0.25, 0.25, 0.25, 0.25, 0.25, 0.25, 0.25, 0.25]"
78,True,0.2,True,11,0.7106229397338123,"[0.2, 0.2, 0.2, 0.2, 0.2, 0.2, 0.2, 0.2, 0.2, 0.2, 0.2, 0.2, 0.2, 0.2]"
79,True,0.2,True,14,0.7377349423887858,"[0.2, 0.2, 0.2, 0.2, 0.2, 0.2, 0.2, 0.2, 0.2, 0.2, 0.2, 0.2, 0.2, 0.2]"
80,True,0.25,False,,,"[0.25, 0.25, 0.25, 0.25, 0.25, 0.25, 0.25, 0.25, 0.25, 0.25, 0.25, 0.25, 0.25, 0.25]"
81,True,0.25,False,,,"[0.25, 0.25, 0.25, 0.25, 0.25, 0.25, 0.25, 0.25, 0.25, 0.25, 0.25, 0.25, 0.25, 0.25]"
82,True,0.2,False,,,"[0.2, 0.2, 0.2, 0.2, 0.2, 0.2, 0.2, 0.2, 0.2, 0.2, 0.2, 0.2, 0.2, 0.2]"
83,True,0.2,False,,,"[0.2, 0.2, 0.2, 0.2, 0.2, 0.2, 0.2, 0.2, 0.2, 0.2, 0.2, 0.2, 0.2, 0.2]"
84,True,0.25,False,,,"[0.25, 0.25, 0.25, 0.25, 0.25, 0.25, 0.25, 0.25, 0.25, 0.25, 0.25, 0.25, 0.25, 0.25]"
85,True,0.25,True,14,0.6849011482027647,"[0.25, 0.25, 0.25, 0.25, 0.25, 0.25, 0.25, 0.25, 0.25, 0.25, 0.25, 0.25, 0.25, 0.25]"
86,False,,False,,,"[0.314, 0.178, 0.177, 0.293, 0.37, 0.17, 0.351, 0.217, 0.225, 0.172, 0.141, 0.3, 0.18, 0.124]"
87,True,0.25,True,12,0.7144952516411393,"[0.25, 0.25, 0.25, 0.25, 0.25, 0.25, 0.25, 0.25, 0.25, 0.25, 0.25, 0.25, 0.25, 0.25]"
88,False,,False,,,"[0.154, 0.34, 0.104, 0.217, 0.124, 0.338, 0.131, 0.271, 0.187, 0.171, 0.121, 0.211, 0.325, 0.141]"
89,True,0.25,False,,,"[0.25, 0.25, 0.25, 0.25, 0.25, 0.25, 0.25, 0.25, 0.25, 0.25, 0.25, 0.25, 0.25, 0.25]"
90,True,0.2,True,11,0.7178056303621337,"[0.2, 0.2, 0.2, 0.2, 0.2, 0.2, 0.2, 0.2, 0.2, 0.2, 0.2, 0.2, 0.2, 0.2]"
91,True,0.2,False,,,"[0.2, 0.2, 0.2, 0.2, 0.2, 0.2, 0.2, 0.2, 0.2, 0.2, 0.2, 0.2, 0.2, 0.2]"
92,True,0.2,False,,,"[0.2, 0.2, 0.2, 0.2, 0.2, 0.2, 0.2, 0.2, 0.2, 0.2, 0.2, 0.2, 0.2, 0.2]"
93,False,,True,11,0.680454850500626,"[0.277, 0.18, 0.367, 0.313, 0.242, 0.212, 0.221, 0.315, 0.127, 0.363, 0.185, 0.225, 0.2, 0.353]"
94,False,,False,,,"[0.306, 0.309, 0.253, 0.164, 0.334, 0.263, 0.357, 0.114, 0.211, 0.191, 0.185, 0.366, 0.163, 0.35]"
95,False,,False,,,"[0.2, 0.34, 0.217, 0.204, 0.279, 0.172, 0.123, 0.162, 0.348, 0.116, 0.146, 0.237, 0.164, 0.353]"
96,False,,True,12,0.7100523625286354,"[0.238, 0.322, 0.343, 0.176, 0.284, 0.217, 0.323, 0.192, 0.262, 0.146, 0.153, 0.329, 0.166, 0.2]"
97,True,0.25,True,14,0.7486462211339938,"[0.25, 0.25, 0.25, 0.25, 0.25, 0.25, 0.25, 0.25, 0.25, 0.25, 0.25, 0.25, 0.25, 0.25]"
98,True,0.2,True,11,0.7069442506629307,"[0.2, 0.2, 0.2, 0.2, 0.2, 0.2, 0.2, 0.2, 0.2, 0.2, 0.2, 0.2, 0.2, 0.2]"
99,False,,True,13,0.7486313305291707,"[0.254, 0.235, 0.18, 0.221, 0.212, 0.134, 0.132, 0.124, 0.375, 0.135, 0.176, 0.115, 0.349, 0.113]"
100,False,,True,13,0.7350721603217207,"[0.222, 0.223, 0.252, 0.22, 0.331, 0.327, 0.129, 0.183, 0.341, 0.321, 0.297, 0.101, 0.301, 0.1]"
101,True,0.25,True,11,0.6773893735704296,"[0.25, 0.25, 0.25, 0.25, 0.25, 0.25, 0.25, 0.25, 0.25, 0.25, 0.25, 0.25, 0.25, 0.25]"
102,True,0.2,False,,,"[0.2, 0.2, 0.2, 0.2, 0.2, 0.2, 0.2, 0.2, 0.2, 0.2, 0.2, 0.2, 0.2, 0.2]"
103,False,,True,12,0.7048889135184133,"[0.339, 0.333, 0.167, 0.267, 0.364, 0.169, 0.14, 0.142, 0.192, 0.141, 0.311, 0.32, 0.238, 0.326]"
104,False,,True,13,0.7082830545677523,"[0.123, 0.232, 0.368, 0.287, 0.262, 0.303, 0.182, 0.303, 0.303, 0.253, 0.102, 0.103, 0.222, 0.371]"
105,False,,False,,,"[0.205, 0.343, 0.161, 0.357, 0.174, 0.204, 0.177, 0.183, 0.202, 0.336, 0.266, 0.14, 0.292, 0.309]"
106,False,,True,14,0.7464780008132131,"[0.368, 0.263, 0.35, 0.189, 0.262, 0.336, 0.311, 0.136, 0.118, 0.331, 0.203, 0.231, 0.158, 0.175]"
107,False,,False,,,"[0.22, 0.123, 0.266, 0.302, 0.121, 0.341, 0.331, 0.144, 0.142, 0.243, 0.334, 0.144, 0.146, 0.134]"
108,True,0.2,False,,,"[0.2, 0.2, 0.2, 0.2, 0.2, 0.2, 0.2, 0.2, 0.2, 0.2, 0.2, 0.2, 0.2, 0.2]"
109,True,0.2,True,11,0.7036911822103731,"[0.2, 0.2, 0.2, 0.2, 0.2, 0.2, 0.2, 0.2, 0.2, 0.2, 0.2, 0.2, 0.2, 0.2]"
110,False,,False,,,"[0.306, 0.154, 0.192, 0.367, 0.211, 0.189, 0.268, 0.113, 0.219, 0.362, 0.249, 0.333, 0.145, 0.213]"
111,False,,True,11,0.7389937936985109,"[0.227, 0.27, 0.318, 0.242, 0.296, 0.202, 0.325, 0.139, 0.179, 0.166, 0.313, 0.369, 0.274, 0.361]"
112,False,,False,,,"[0.23, 0.154, 0.109, 0.15, 0.124, 0.189, 0.272, 0.129, 0.162, 0.158, 0.105, 0.293, 0.31, 0.175]"
113,False,,False,,,"[0.192, 0.156, 0.334, 0.3, 0.304, 0.286, 0.193, 0.358, 0.156, 0.333, 0.225, 0.213, 0.27, 0.101]"
114,True,0.25,True,11,0.6916548057987998,"[0.25, 0.25, 0.25, 0.25, 0.25, 0.25, 0.25, 0.25, 0.25, 0.25, 0.25, 0.25, 0.25, 0.25]"
115,True,0.25,True,11,0.678634444045701,"[0.25, 0.25, 0.25, 0.25, 0.25, 0.25, 0.25, 0.25, 0.25, 0.25, 0.25, 0.25, 0.25, 0.25]"
116,False,,True,13,0.7143841484549928,"[0.233, 0.171, 0.139, 0.305, 0.15, 0.106, 0.299, 0.364, 0.31, 0.298, 0.37, 0.193, 0.109, 0.312]"
117,True,0.25,False,,,"[0.25, 0.25, 0.25, 0.25, 0.25, 0.25, 0.25, 0.25, 0.25, 0.25, 0.25, 0.25, 0.25, 0.25]"
118,False,,True,13,0.7051515748458537,"[0.333, 0.208, 0.142, 0.197, 0.251, 0.231, 0.302, 0.149, 0.162, 0.149, 0.119, 0.263, 0.118, 0.342]"
119,True,0.25,True,12,0.7381092320036987,"[0.25, 0.25, 0.25, 0.25, 0.25, 0.25, 0.25, 0.25, 0.25, 0.25, 0.25, 0.25, 0.25, 0.25]"
120,True,0.2,False,,,"[0.2, 0.2, 0.2, 0.2, 0.2, 0.2, 0.2, 0.2, 0.2, 0.2, 0.2, 0.2, 0.2, 0.2]"
121,True,0.25,True,12,0.6774201157985792,"[0.25, 0.25, 0.25, 0.25, 0.25, 0.25, 0.25, 0.25, 0.25, 0.25, 0.25, 0.25, 0.25, 0.25]"
122,False,,True,13,0.7242964933963565,"[0.228, 0.161, 0.197, 0.127, 0.189, 0.266, 0.26, 0.121, 0.297, 0.277, 0.162, 0.273, 0.119, 0.181]"
123,False,,False,,,"[0.185, 0.31, 0.252, 0.219, 0.161, 0.138, 0.234, 0.243, 0.119, 0.307, 0.256, 0.271, 0.264, 0.266]"
124,False,,True,13,0.7070636476171781,"[0.174, 0.166, 0.279, 0.2, 0.109, 0.168, 0.329, 0.342, 0.34, 0.234, 0.121, 0.345, 0.247, 0.228]"
125,False,,True,11,0.7430605161760127,"[0.188, 0.326, 0.28, 0.321, 0.374, 0.23, 0.129, 0.313, 0.222, 0.167, 0.359, 0.171, 0.174, 0.211]"
126,False,,True,14,0.7059964154728955,"[0.147, 0.226, 0.258, 0.264, 0.331, 0.257, 0.325, 0.197, 0.352, 0.297, 0.114, 0.17, 0.211, 0.27]"
127,False,,True,11,0.7098411841649751,"[0.161, 0.32, 0.342, 0.148, 0.295, 0.279, 0.16, 0.26, 0.127, 0.16, 0.147, 0.128, 0.26, 0.334]"
128,False,,True,13,0.6829616540739175,"[0.283, 0.265, 0.33, 0.248, 0.297, 0.113, 0.309, 0.117, 0.368, 0.259, 0.184, 0.139, 0.143, 0.179]"
129,False,,False,,,"[0.254, 0.283, 0.192, 0.308, 0.331, 0.223, 0.284, 0.319, 0.312, 0.173, 0.176, 0.184, 0.345, 0.279]"
130,True,0.25,False,,,"[0.25, 0.25, 0.25, 0.25, 0.25, 0.25, 0.25, 0.25, 0.25, 0.25, 0.25, 0.25, 0.25, 0.25]"
131,True,0.2,True,13,0.7154934769700088,"[0.2, 0.2, 0.2, 0.2, 0.2, 0.2, 0.2, 0.2, 0.2, 0.2, 0.2, 0.2, 0.2, 0.2]"
132,False,,True,14,0.6838437624888047,"[0.257, 0.126, 0.219, 0.359, 0.178, 0.104, 0.262, 0.279, 0.281, 0.105, 0.103, 0.141, 0.225, 0.332]"
133,False,,True,11,0.7205424165787369,"[0.139, 0.168, 0.342, 0.187, 0.187, 0.299, 0.219, 0.296, 0.367, 0.3, 0.183, 0.174, 0.334, 0.122]"
134,True,0.25,True,13,0.7495782028006851,"[0.25, 0.25, 0.25, 0.25, 0.25, 0.25, 0.25, 0.25, 0.25, 0.25, 0.25, 0.25, 0.25, 0.25]"
135,False,,True,12,0.7082210381949836,"[0.158, 0.205, 0.357, 0.149, 0.213, 0.206, 0.203, 0.333, 0.355, 0.145, 0.306, 0.135, 0.132, 0.304]"
136,False,,False,,,"[0.164, 0.186, 0.338, 0.328, 0.35, 0.203, 0.11, 0.272, 0.107, 0.139, 0.191, 0.199, 0.363, 0.228]"
137,False,,True,12,0.7178676028525838,"[0.372, 0.108, 0.324, 0.139, 0.203, 0.243, 0.222, 0.189, 0.274, 0.314, 0.335, 0.319, 0.111, 0.352]"
138,True,0.25,True,11,0.7224184895691768,"[0.25, 0.25, 0.25, 0.25, 0.25, 0.25, 0.25, 0.25, 0.25, 0.25, 0.25, 0.25, 0.25, 0.25]"
139,False,,True,11,0.6956489192847775,"[0.155, 0.13, 0.144, 0.211, 0.361, 0.262, 0.218, 0.181, 0.106, 0.126, 0.121, 0.134, 0.266, 0.257]"
140,True,0.2,True,12,0.6926279503349221,"[0.2, 0.2, 0.2, 0.2, 0.2, 0.2, 0.2, 0.2, 0.2, 0.2, 0.2, 0.2, 0.2, 0.2]"
141,False,,True,14,0.7495318970690588,"[0.271, 0.362, 0.12, 0.332, 0.194, 0.332, 0.21, 0.372, 0.104, 0.241, 0.367, 0.122, 0.273, 0.117]"
142,True,0.2,False,,,"[0.2, 0.2, 0.2, 0.2, 0.2, 0.2, 0.2, 0.2, 0.2, 0.2, 0.2, 0.2, 0.2, 0.2]"
143,False,,False,,,"[0.116, 0.249, 0.206, 0.171, 0.298, 0.287, 0.32, 0.263, 0.254, 0.151, 0.337, 0.333, 0.34, 0.361]"
144,True,0.25,False,,,"[0.25, 0.25, 0.25, 0.25, 0.25, 0.25, 0.25, 0.25, 0.25, 0.25, 0.25, 0.25, 0.25, 0.25]"
145,True,0.2,True,12,0.6772999356981244,"[0.2, 0.2, 0.2, 0.2, 0.2, 0.2, 0.2, 0.2, 0.2, 0.2, 0.2, 0.2, 0.2, 0.2]"
146,True,0.25,False,,,"[0.25, 0.25, 0.25, 0.25, 0.25, 0.25, 0.25, 0.25, 0.25, 0.25, 0.25, 0.25, 0.25, 0.25]"
147,True,0.2,False,,,"[0.2, 0.2, 0.2, 0.2, 0.2, 0.2, 0.2, 0.2, 0.2, 0.2, 0.2, 0.2, 0.2, 0.2]"
148,False,,True,14,0.6799850242526331,"[0.195, 0.297, 0.251, 0.271, 0.152, 0.207, 0.257, 0.338, 0.106, 0.341, 0.116, 0.122, 0.213, 0.181]"
149,True,0.2,False,,,"[0.2, 0.2, 0.2, 0.2, 0.2, 0.2, 0.2, 0.2, 0.2, 0.2, 0.2, 0.2, 0.2, 0.2]"
150,True,0.25,False,,,"[0.25, 0.25, 0.25, 0.25, 0.25, 0.25, 0.25, 0.25, 0.25, 0.25, 0.25, 0.25, 0.25, 0.25]"
151,False,,False,,,"[0.312, 0.187, 0.264, 0.346, 0.137, 0.307, 0.333, 0.166, 0.218, 0.36, 0.19, 0.312, 0.127, 0.157]"
152,True,0.2,False,,,"[0.2, 0.2, 0.2, 0.2, 0.2, 0.2, 0.2, 0.2, 0.2, 0.2, 0.2, 0.2, 0.2, 0.2]"
153,True,0.2,True,12,0.7446322597083195,"[0.2, 0.2, 0.2, 0.2, 0.2, 0.2, 0.2, 0.2, 0.2, 0.2, 0.2, 0.2, 0.2, 0.2]"
154,True,0.2,True,14,0.6806652470136753,"[0.2, 0.2, 0.2, 0.2, 0.2, 0.2, 0.2, 0.2, 0.2, 0.2, 0.2, 0.2, 0.2, 0.2]"
155,True,0.2,False,,,"[0.2, 0.2, 0.2, 0.2, 0.2, 0.2, 0.2, 0.2, 0.2, 0.2, 0.2, 0.2, 0.2, 0.2]"
156,False,,True,14,0.696555240954553,"[0.354, 0.188, 0.325, 0.265, 0.191, 0.254, 0.169, 0.129, 0.274, 0.36, 0.159, 0.258, 0.145, 0.308]"
157,False,,True,11,0.7004919263103512,"[0.19, 0.296, 0.229, 0.301, 0.231, 0.103, 0.255, 0.332, 0.284, 0.373, 0.373, 0.323, 0.178, 0.185]"
158,True,0.2,False,,,"[0.2, 0.2, 0.2, 0.2, 0.2, 0.2, 0.2, 0.2, 0.2, 0.2, 0.2, 0.2, 0.2, 0.2]"
159,True,0.2,False,,,"[0.2, 0.2, 0.2, 0.2, 0.2, 0.2, 0.2, 0.2, 0.2, 0.2, 0.2, 0.2, 0.2, 0.2]"
160,True,0.2,False,,,"[0.2, 0.2, 0.2, 0.2, 0.2, 0.2, 0.2, 0.2, 0.2, 0.2, 0.2, 0.2, 0.2, 0.2]"
161,True,0.2,False,,,"[0.2, 0.2, 0.2, 0.2, 0.2, 0.2, 0.2, 0.2, 0.2, 0.2, 0.2, 0.2, 0.2, 0.2]"
162,True,0.2,False,,,"[0.2, 0.2, 0.2, 0.2, 0.2, 0.2, 0.2, 0.2, 0.2, 0.2, 0.2, 0.2, 0.2, 0.2]"
163,False,,False,,,"[0.106, 0.356, 0.231, 0.279, 0.137, 0.26, 0.355, 0.333, 0.32, 0.165, 0.315, 0.281, 0.369, 0.1]"
164,False,,True,13,0.7339891360101227,"[0.219, 0.166, 0.235, 0.353, 0.107, 0.31, 0.301, 0.105, 0.225, 0.224, 0.195, 0.208, 0.355, 0.258]"
165,True,0.2,True,13,0.7120405039575564,"[0.2, 0.2, 0.2, 0.2, 0.2, 0.2, 0.2, 0.2, 0.2, 0.2, 0.2, 0.2, 0.2, 0.2]"
166,False,,True,11,0.7300602390691011,"[0.194, 0.199, 0.113, 0.262, 0.182, 0.372, 0.374, 0.174, 0.227, 0.274, 0.229, 0.148, 0.33, 0.107]"
167,True,0.25,True,12,0.6919036299444519,"[0.25, 0.25, 0.25, 0.25, 0.25, 0.25, 0.25, 0.25, 0.25, 0.25, 0.25, 0.25, 0.25, 0.25]"
168,False,,True,14,0.7193236349572885,"[0.349, 0.228, 0.343, 0.18, 0.293, 0.355, 0.198, 0.163, 0.27, 0.326, 0.315, 0.293, 0.241, 0.101]"
169,False,,False,,,"[0.148, 0.272, 0.241, 0.1, 0.125, 0.294, 0.322, 0.291, 0.34, 0.188, 0.182, 0.344, 0.332, 0.167]"
170,False,,True,13,0.676087952735541,"[0.173, 0.21, 0.155, 0.257, 0.247, 0.366, 0.374, 0.23, 0.204, 0.216, 0.25, 0.278, 0.26, 0.323]"
171,False,,False,,,"[0.115, 0.104, 0.199, 0.204, 0.366, 0.247, 0.251, 0.329, 0.352, 0.314, 0.201, 0.238, 0.37, 0.311]"
172,False,,True,11,0.730686656392639,"[0.183, 0.358, 0.124, 0.16, 0.164, 0.129, 0.326, 0.206, 0.277, 0.245, 0.165, 0.368, 0.107, 0.193]"
173,False,,False,,,"[0.106, 0.162, 0.371, 0.281, 0.118, 0.232, 0.313, 0.257, 0.28, 0.231, 0.337, 0.101, 0.35, 0.291]"
174,True,0.25,False,,,"[0.25, 0.25, 0.25, 0.25, 0.25, 0.25, 0.25, 0.25, 0.25, 0.25, 0.25, 0.25, 0.25, 0.25]"
175,False,,False,,,"[0.325, 0.23, 0.24, 0.141, 0.209, 0.35, 0.101, 0.373, 0.121, 0.168, 0.34, 0.313, 0.161, 0.194]"
176,True,0.2,True,12,0.685345730092769,"[0.2, 0.2, 0.2, 0.2, 0.2, 0.2, 0.2, 0.2, 0.2, 0.2, 0.2, 0.2, 0.2, 0.2]"
177,False,,True,12,0.7366277255519768,"[0.287, 0.363, 0.227, 0.156, 0.135, 0.202, 0.23, 0.144, 0.234, 0.107, 0.135, 0.338, 0.262, 0.361]"
178,True,0.25,False,,,"[0.25, 0.25, 0.25, 0.25, 0.25, 0.25, 0.25, 0.25, 0.25, 0.25, 0.25, 0.25, 0.25, 0.25]"
179,True,0.25,True,12,0.6818955647898872,"[0.25, 0.25, 0.25, 0.25, 0.25, 0.25, 0.25, 0.25, 0.25, 0.25, 0.25, 0.25, 0.25, 0.25]"
180,True,0.25,False,,,"[0.25, 0.25, 0.25, 0.25, 0.25, 0.25, 0.25, 0.25, 0.25, 0.25, 0.25, 0.25, 0.25, 0.25]"
181,True,0.25,False,,,"[0.25, 0.25, 0.25, 0.25, 0.25, 0.25, 0.25, 0.25, 0.25, 0.25, 0.25, 0.25, 0.25, 0.25]"
182,True,0.2,True,11,0.6835526094488626,"[0.2, 0.2, 0.2, 0.2, 0.2, 0.2, 0.2, 0.2, 0.2, 0.2, 0.2, 0.2, 0.2, 0.2]"
183,False,,False,,,"[0.111, 0.159, 0.214, 0.264, 0.109, 0.127, 0.278, 0.296, 0.331, 0.283, 0.321, 0.155, 0.349, 0.116]"
184,False,,False,,,"[0.293, 0.178, 0.323, 0.321, 0.3, 0.247, 0.32, 0.315, 0.342, 0.117, 0.191, 0.288, 0.153, 0.273]"
185,True,0.25,False,,,"[0.25, 0.25, 0.25, 0.25, 0.25, 0.25, 0.25, 0.25, 0.25, 0.25, 0.25, 0.25, 0.25, 0.25]"
186,False,,True,13,0.6854061389576641,"[0.355, 0.221, 0.287, 0.363, 0.224, 0.37, 0.325, 0.228, 0.109, 0.23, 0.28, 0.272, 0.315, 0.299]"
187,True,0.25,True,11,0.7315994138893721,"[0.25, 0.25, 0.25, 0.25, 0.25, 0.25, 0.25, 0.25, 0.25, 0.25, 0.25, 0.25, 0.25, 0.25]"
188,True,0.2,True,13,0.7312270898013622,"[0.2, 0.2, 0.2, 0.2, 0.2, 0.2, 0.2, 0.2, 0.2, 0.2, 0.2, 0.2, 0.2, 0.2]"
189,True,0.25,True,11,0.6920035678128595,"[0.25, 0.25, 0.25, 0.25, 0.25, 0.25, 0.25, 0.25, 0.25, 0.25, 0.25, 0.25, 0.25, 0.25]"
190,True,0.25,False,,,"[0.25, 0.25, 0.25, 0.25, 0.25, 0.25, 0.25, 0.25, 0.25, 0.25, 0.25, 0.25, 0.25, 0.25]"
191,False,,True,12,0.7177476126725336,"[0.149, 0.342, 0.174, 0.274, 0.162, 0.162, 0.291, 0.234, 0.17, 0.233, 0.123, 0.209, 0.366, 0.323]"
192,False,,False,,,"[0.193, 0.171, 0.279, 0.328, 0.368, 0.265, 0.14, 0.105, 0.102, 0.206, 0.366, 0.258, 0.368, 0.261]"
193,True,0.2,False,,,"[0.2, 0.2, 0.2, 0.2, 0.2, 0.2, 0.2, 0.2, 0.2, 0.2, 0.2, 0.2, 0.2, 0.2]"
194,True,0.25,True,14,0.6782213526358457,"[0.25, 0.25, 0.25, 0.25, 0.25, 0.25, 0.25, 0.25, 0.25, 0.25, 0.25, 0.25, 0.25, 0.25]"
195,True,0.2,False,,,"[0.2, 0.2, 0.2, 0.2, 0.2, 0.2, 0.2, 0.2, 0.2, 0.2, 0.2, 0.2, 0.2, 0.2]"
196,False,,True,14,0.704596295837883,"[0.232, 0.234, 0.102, 0.366, 0.326, 0.344, 0.312, 0.193, 0.255, 0.253, 0.127, 0.193, 0.236, 0.213]"
197,False,,True,14,0.7109963919277681,"[0.358, 0.29, 0.15, 0.117, 0.182, 0.235, 0.352, 0.327, 0.164, 0.158, 0.335, 0.235, 0.363, 0.248]"
198,False,,False,,,"[0.105, 0.3, 0.113, 0.146, 0.225, 0.355, 0.141, 0.213, 0.164, 0.166, 0.257, 0.232, 0.346, 0.238]"
199,False,,True,13,0.738242531490915,"[0.352, 0.361, 0.338, 0.286, 0.359, 0.135, 0.197, 0.316, 0.36, 0.187, 0.28, 0.313, 0.175, 0.354]"
200,False,,False,,,"[0.119, 0.276, 0.324, 0.274, 0.289, 0.306, 0.125, 0.206, 0.226, 0.257, 0.347, 0.328, 0.189, 0.181]"
201,False,,False,,,"[0.13, 0.188, 0.292, 0.259, 0.126, 0.172, 0.3, 0.28, 0.141, 0.132, 0.249, 0.316, 0.349, 0.359]"
202,True,0.25,False,,,"[0.25, 0.25, 0.25, 0.25, 0.25, 0.25, 0.25, 0.25, 0.25, 0.25, 0.25, 0.25, 0.25, 0.25]"
203,True,0.25,True,12,0.694300517013682,"[0.25, 0.25, 0.25, 0.25, 0.25, 0.25, 0.25, 0.25, 0.25, 0.25, 0.25, 0.25, 0.25, 0.25]"
204,True,0.25,True,11,0.6943076495399476,"[0.25, 0.25, 0.25, 0.25, 0.25, 0.25, 0.25, 0.25, 0.25, 0.25, 0.25, 0.25, 0.25, 0.25]"
205,False,,True,12,0.7273975876320579,"[0.282, 0.29, 0.363, 0.233, 0.287, 0.176, 0.305, 0.154, 0.101, 0.236, 0.258, 0.184, 0.36, 0.313]"
206,False,,False,,,"[0.134, 0.256, 0.287, 0.292, 0.184, 0.244, 0.343, 0.255, 0.133, 0.231, 0.25, 0.299, 0.24, 0.246]"
207,False,,False,,,"[0.107, 0.25, 0.319, 0.34, 0.344, 0.245, 0.284, 0.182, 0.32, 0.2, 0.37, 0.265, 0.324, 0.215]"
208,False,,False,,,"[0.27, 0.36, 0.367, 0.112, 0.28, 0.229, 0.22, 0.204, 0.268, 0.11, 0.292, 0.291, 0.357, 0.111]"
209,False,,True,11,0.7309681071677916,"[0.264, 0.136, 0.176, 0.351, 0.139, 0.188, 0.187, 0.321, 0.347, 0.11, 0.156, 0.105, 0.133, 0.299]"
210,False,,True,14,0.6983715831147892,"[0.272, 0.107, 0.241, 0.122, 0.228, 0.358, 0.166, 0.285, 0.263, 0.29, 0.35, 0.286, 0.243, 0.196]"
211,True,0.25,False,,,"[0.25, 0.25, 0.25, 0.25, 0.25, 0.25, 0.25, 0.25, 0.25, 0.25, 0.25, 0.25, 0.25, 0.25]"
212,True,0.2,True,14,0.6997888714484699,"[0.2, 0.2, 0.2, 0.2, 0.2, 0.2, 0.2, 0.2, 0.2, 0.2, 0.2, 0.2, 0.2, 0.2]"
213,False,,True,13,0.6825287833054419,"[0.347, 0.273, 0.33, 0.29, 0.195, 0.301, 0.144, 0.285, 0.369, 0.156, 0.172, 0.131, 0.233, 0.264]"
214,True,0.25,False,,,"[0.25, 0.25, 0.25, 0.25, 0.25, 0.25, 0.25, 0.25, 0.25, 0.25, 0.25, 0.25, 0.25, 0.25]"
215,True,0.25,False,,,"[0.25, 0.25, 0.25, 0.25, 0.25, 0.25, 0.25, 0.25, 0.25, 0.25, 0.25, 0.25, 0.25, 0.25]"
216,True,0.2,False,,,"[0.2, 0.2, 0.2, 0.2, 0.2, 0.2, 0.2, 0.2, 0.2, 0.2, 0.2, 0.2, 0.2, 0.2]"
217,True,0.2,True,12,0.7250563202785479,"[0.2, 0.2, 0.2, 0.2, 0.2, 0.2, 0.2, 0.2, 0.2, 0.2, 0.2, 0.2, 0.2, 0.2]"
218,False,,False,,,"[0.366, 0.287, 0.245, 0.253, 0.116, 0.188, 0.232, 0.245, 0.292, 0.174, 0.21, 0.233, 0.119, 0.323]"
219,True,0.2,True,13,0.7335861187574978,"[0.2, 0.2, 0.2, 0.2, 0.2, 0.2, 0.2, 0.2, 0.2, 0.2, 0.2, 0.2, 0.2, 0.2]"
220,True,0.2,True,14,0.6950897902292672,"[0.2, 0.2, 0.2, 0.2, 0.2, 0.2, 0.2, 0.2, 0.2, 0.2, 0.2, 0.2, 0.2, 0.2]"
221,True,0.2,True,14,0.681110551605374,"[0.2, 0.2, 0.2, 0.2, 0.2, 0.2, 0.2, 0.2, 0.2, 0.2, 0.2, 0.2, 0.2, 0.2]"
222,True,0.2,False,,,"[0.2, 0.2, 0.2, 0.2, 0.2, 0.2, 0.2, 0.2, 0.2, 0.2, 0.2, 0.2, 0.2, 0.2]"
223,False,,False,,,"[0.322, 0.117, 0.201, 0.358, 0.333, 0.105, 0.232, 0.101, 0.223, 0.308, 0.244, 0.264, 0.237, 0.256]"
224,True,0.2,True,14,0.6805219513302443,"[0.2, 0.2, 0.2, 0.2, 0.2, 0.2, 0.2, 0.2, 0.2, 0.2, 0.2, 0.2, 0.2, 0.2]"
225,True,0.25,True,14,0.7278401876272474,"[0.25, 0.25, 0.25, 0.25, 0.25, 0.25, 0.25, 0.25, 0.25, 0.25, 0.25, 0.25, 0.25, 0.25]"
226,False,,False,,,"[0.132, 0.159, 0.102, 0.103, 0.185, 0.223, 0.277, 0.132, 0.212, 0.256, 0.168, 0.15, 0.156, 0.236]"
227,True,0.2,True,14,0.6904164259212527,"[0.2, 0.2, 0.2, 0.2, 0.2, 0.2, 0.2, 0.2, 0.2, 0.2, 0.2, 0.2, 0.2, 0.2]"
228,True,0.2,True,13,0.7019660529148183,"[0.2, 0.2, 0.2, 0.2, 0.2, 0.2, 0.2, 0.2, 0.2, 0.2, 0.2, 0.2, 0.2, 0.2]"
229,False,,True,12,0.7392781571396642,"[0.322, 0.316, 0.191, 0.347, 0.132, 0.283, 0.273, 0.126, 0.358, 0.356, 0.113, 0.19, 0.342, 0.153]"
230,True,0.2,False,,,"[0.2, 0.2, 0.2, 0.2, 0.2, 0.2, 0.2, 0.2, 0.2, 0.2, 0.2, 0.2, 0.2, 0.2]"
231,False,,True,13,0.7167086768607299,"[0.227, 0.339, 0.328, 0.313, 0.324, 0.3, 0.226, 0.186, 0.273, 0.351, 0.244, 0.261, 0.144, 0.287]"
232,False,,False,,,"[0.103, 0.324, 0.16, 0.359, 0.306, 0.1, 0.23, 0.189, 0.278, 0.124, 0.324, 0.169, 0.319, 0.319]"
233,True,0.25,False,,,"[0.25, 0.25, 0.25, 0.25, 0.25, 0.25, 0.25, 0.25, 0.25, 0.25, 0.25, 0.25, 0.25, 0.25]"
234,False,,True,13,0.6914007817533544,"[0.137, 0.21, 0.263, 0.35, 0.175, 0.17, 0.296, 0.111, 0.276, 0.31, 0.125, 0.157, 0.194, 0.297]"
235,True,0.2,False,,,"[0.2, 0.2, 0.2, 0.2, 0.2, 0.2, 0.2, 0.2, 0.2, 0.2, 0.2, 0.2, 0.2, 0.2]"
236,False,,False,,,"[0.275, 0.144, 0.368, 0.198, 0.143, 0.242, 0.193, 0.248, 0.109, 0.339, 0.127, 0.341, 0.138, 0.298]"
237,False,,False,,,"[0.246, 0.285, 0.141, 0.101, 0.155, 0.365, 0.337, 0.217, 0.163, 0.119, 0.236, 0.105, 0.341, 0.188]"
238,True,0.2,False,,,"[0.2, 0.2, 0.2, 0.2, 0.2, 0.2, 0.2, 0.2, 0.2, 0.2, 0.2, 0.2, 0.2, 0.2]"
239,False,,False,,,"[0.246, 0.13, 0.185, 0.354, 0.195, 0.237, 0.187, 0.166, 0.211, 0.136, 0.157, 0.117, 0.298, 0.143]"
240,False,,True,13,0.7101663953429317,"[0.141, 0.188, 0.324, 0.317, 0.326, 0.297, 0.363, 0.104, 0.339, 0.246, 0.356, 0.163, 0.111, 0.362]"
241,False,,False,,,"[0.37, 0.134, 0.327, 0.286, 0.31, 0.341, 0.238, 0.335, 0.156, 0.352, 0.355, 0.234, 0.224, 0.234]"
242,True,0.25,True,11,0.6896456870518753,"[0.25, 0.25, 0.25, 0.25, 0.25, 0.25, 0.25, 0.25, 0.25, 0.25, 0.25, 0.25, 0.25, 0.25]"
243,True,0.25,True,13,0.6858713282093258,"[0.25, 0.25, 0.25, 0.25, 0.25, 0.25, 0.25, 0.25, 0.25, 0.25, 0.25, 0.25, 0.25, 0.25]"
244,True,0.25,True,14,0.7130474575333937,"[0.25, 0.25, 0.25, 0.25, 0.25, 0.25, 0.25, 0.25, 0.25, 0.25, 0.25, 0.25, 0.25, 0.25]"
245,False,,False,,,"[0.194, 0.211, 0.215, 0.353, 0.176, 0.119, 0.162, 0.152, 0.126, 0.253, 0.125, 0.319, 0.341, 0.316]"
246,True,0.2,False,,,"[0.2, 0.2, 0.2, 0.2, 0.2, 0.2, 0.2, 0.2, 0.2, 0.2, 0.2, 0.2, 0.2, 0.2]"
247,True,0.2,True,11,0.6951423962297203,"[0.2, 0.2, 0.2, 0.2, 0.2, 0.2, 0.2, 0.2, 0.2, 0.2, 0.2, 0.2, 0.2, 0.2]"
248,True,0.25,True,14,0.6921892915214475,"[0.25, 0.25, 0.25, 0.25, 0.25, 0.25, 0.25, 0.25, 0.25, 0.25, 0.25, 0.25, 0.25, 0.25]"
249,True,0.2,True,11,0.7300992723682646,"[0.2, 0.2, 0.2, 0.2, 0.2, 0.2, 0.2, 0.2, 0.2, 0.2, 0.2, 0.2, 0.2, 0.2]"
250,False,,False,,,"[0.21, 0.147, 0.245, 0.346, 0.244, 0.365, 0.132, 0.291, 0.213, 0.118, 0.337, 0.128, 0.147, 0.122]"
251,True,0.25,True,14,0.7338961583890627,"[0.25, 0.25, 0.25, 0.25, 0.25, 0.25, 0.25, 0.25, 0.25, 0.25, 0.25, 0.25, 0.25, 0.25]"
252,False,,True,11,0.7232687502664458,"[0.112, 0.351, 0.242, 0.285, 0.186, 0.238, 0.108, 0.272, 0.122, 0.142, 0.245, 0.274, 0.136, 0.274]"
253,True,0.2,True,13,0.7399575903817677,"[0.2, 0.2, 0.2, 0.2, 0.2, 0.2, 0.2, 0.2, 0.2, 0.2, 0.2, 0.2, 0.2, 0.2]"
254,False,,False,,,"[0.11, 0.129, 0.27, 0.374, 0.267, 0.124, 0.272, 0.332, 0.319, 0.329, 0.337, 0.196, 0.356, 0.193]"
255,False,,True,14,0.6992155303888932,"[0.275, 0.196, 0.16, 0.198, 0.166, 0.129, 0.148, 0.268, 0.313, 0.169, 0.302, 0.268, 0.313, 0.202]"
256,True,0.2,True,14,0.6845879762434458,"[0.2, 0.2, 0.2, 0.2, 0.2, 0.2, 0.2, 0.2, 0.2, 0.2, 0.2, 0.2, 0.2, 0.2]"
257,False,,True,13,0.7371106646704161,"[0.121, 0.359, 0.234, 0.279, 0.366, 0.209, 0.307, 0.188, 0.364, 0.353, 0.209, 0.34, 0.112, 0.19]"
258,True,0.25,False,,,"[0.25, 0.25, 0.25, 0.25, 0.25, 0.25, 0.25, 0.25, 0.25, 0.25, 0.25, 0.25, 0.25, 0.25]"
259,True,0.2,False,,,"[0.2, 0.2, 0.2, 0.2, 0.2, 0.2, 0.2, 0.2, 0.2, 0.2, 0.2, 0.2, 0.2, 0.2]"
260,False,,True,12,0.696504639251036,"[0.229, 0.1, 0.367, 0.374, 0.165, 0.12, 0.293, 0.237, 0.313, 0.292, 0.298, 0.334, 0.277, 0.293]"
261,True,0.25,True,13,0.6937069214323092,"[0.25, 0.25, 0.25, 0.25, 0.25, 0.25, 0.25, 0.25, 0.25, 0.25, 0.25, 0.25, 0.25, 0.25]"
262,True,0.25,True,14,0.6821216253300186,"[0.25, 0.25, 0.25, 0.25, 0.25, 0.25, 0.25, 0.25, 0.25, 0.25, 0.25, 0.25, 0.25, 0.25]"
263,True,0.2,True,13,0.7094789192681092,"[0.2, 0.2, 0.2, 0.2, 0.2, 0.2, 0.2, 0.2, 0.2, 0.2, 0.2, 0.2, 0.2, 0.2]"
264,True,0.25,False,,,"[0.25, 0.25, 0.25, 0.25, 0.25, 0.25, 0.25, 0.25, 0.25, 0.25, 0.25, 0.25, 0.25, 0.25]"
265,False,,True,12,0.7346737182111358,"[0.311, 0.238, 0.361, 0.272, 0.223, 0.374, 0.186, 0.251, 0.191, 0.233, 0.304, 0.133, 0.267, 0.281]"
266,False,,True,14,0.6892946138509015,"[0.263, 0.177, 0.223, 0.144, 0.106, 0.232, 0.285, 0.16, 0.267, 0.262, 0.228, 0.125, 0.336, 0.203]"
267,True,0.2,True,11,0.7212329522212056,"[0.2, 0.2, 0.2, 0.2, 0.2, 0.2, 0.2, 0.2, 0.2, 0.2, 0.2, 0.2, 0.2, 0.2]"
268,False,,False,,,"[0.361, 0.192, 0.291, 0.372, 0.246, 0.263, 0.179, 0.165, 0.135, 0.222, 0.205, 0.32, 0.14, 0.286]"
269,False,,True,14,0.7186258161619753,"[0.183, 0.108, 0.134, 0.344, 0.268, 0.193, 0.338, 0.323, 0.302, 0.166, 0.135, 0.171, 0.243, 0.233]"
270,False,,True,12,0.7336401092586845,"[0.326, 0.336, 0.234, 0.354, 0.11, 0.336, 0.313, 0.265, 0.181, 0.353, 0.135, 0.153, 0.109, 0.371]"
271,True,0.2,False,,,"[0.2, 0.2, 0.2, 0.2, 0.2, 0.2, 0.2, 0.2, 0.2, 0.2, 0.2, 0.2, 0.2, 0.2]"
272,False,,True,11,0.7430550061900587,"[0.347, 0.135, 0.35, 0.104, 0.346, 0.23, 0.24, 0.302, 0.296, 0.351, 0.308, 0.264, 0.252, 0.122]"
273,True,0.25,False,,,"[0.25, 0.25, 0.25, 0.25, 0.25, 0.25, 0.25, 0.25, 0.25, 0.25, 0.25, 0.25, 0.25, 0.25]"
274,False,,True,13,0.74484022657315,"[0.313, 0.154, 0.29, 0.282, 0.189, 0.141, 0.137, 0.238, 0.149, 0.284, 0.274, 0.275, 0.138, 0.22]"
275,True,0.2,True,14,0.6951046250809272,"[0.2, 0.2, 0.2, 0.2, 0.2, 0.2, 0.2, 0.2, 0.2, 0.2, 0.2, 0.2, 0.2, 0.2]"
276,True,0.25,True,12,0.7233040416662907,"[0.25, 0.25, 0.25, 0.25, 0.25, 0.25, 0.25, 0.25, 0.25, 0.25, 0.25, 0.25, 0.25, 0.25]"
277,False,,False,,,"[0.287, 0.336, 0.132, 0.109, 0.153, 0.312, 0.143, 0.196, 0.255, 0.109, 0.305, 0.307, 0.202, 0.294]"
278,True,0.25,False,,,"[0.25, 0.25, 0.25, 0.25, 0.25, 0.25, 0.25, 0.25, 0.25, 0.25, 0.25, 0.25, 0.25, 0.25]"
279,False,,True,12,0.6815011328681633,"[0.211, 0.246, 0.315, 0.314, 0.163, 0.352, 0.141, 0.17, 0.221, 0.187, 0.108, 0.253, 0.182, 0.283]"
280,True,0.2,False,,,"[0.2, 0.2, 0.2, 0.2, 0.2, 0.2, 0.2, 0.2, 0.2, 0.2, 0.2, 0.2, 0.2, 0.2]"
281,True,0.25,False,,,"[0.25, 0.25, 0.25, 0.25, 0.25, 0.25, 0.25, 0.25, 0.25, 0.25, 0.25, 0.25, 0.25, 0.25]"
282,False,,False,,,"[0.359, 0.299, 0.132, 0.317, 0.213, 0.138, 0.168, 0.138, 0.123, 0.158, 0.317, 0.191, 0.205, 0.264]"
283,False,,False,,,"[0.103, 0.241, 0.314, 0.198, 0.206, 0.154, 0.309, 0.298, 0.363, 0.277, 0.365, 0.102, 0.168, 0.348]"
284,False,,False,,,"[0.277, 0.172, 0.156, 0.161, 0.103, 0.301, 0.129, 0.255, 0.142, 0.293, 0.351, 0.182, 0.228, 0.348]"
285,False,,False,,,"[0.126, 0.187, 0.276, 0.313, 0.297, 0.12, 0.148, 0.171, 0.217, 0.368, 0.219, 0.269, 0.286, 0.122]"
286,False,,False,,,"[0.205, 0.328, 0.182, 0.149, 0.166, 0.128, 0.292, 0.356, 0.166, 0.326, 0.311, 0.316, 0.123, 0.146]"
287,True,0.25,True,11,0.738373345518047,"[0.25, 0.25, 0.25, 0.25, 0.25, 0.25, 0.25, 0.25, 0.25, 0.25, 0.25, 0.25, 0.25, 0.25]"
288,False,,False,,,"[0.249, 0.156, 0.133, 0.257, 0.348, 0.341, 0.212, 0.223, 0.177, 0.156, 0.11, 0.341, 0.262, 0.209]"
289,True,0.2,False,,,"[0.2, 0.2, 0.2, 0.2, 0.2, 0.2, 0.2, 0.2, 0.2, 0.2, 0.2, 0.2, 0.2, 0.2]"
290,False,,True,12,0.7378094806769114,"[0.183, 0.347, 0.254, 0.374, 0.252, 0.23, 0.331, 0.283, 0.3, 0.151, 0.17, 0.304, 0.112, 0.2]"
291,False,,False,,,"[0.158, 0.218, 0.219, 0.268, 0.159, 0.107, 0.269, 0.306, 0.325, 0.257, 0.196, 0.261, 0.161, 0.25]"
292,True,0.25,True,11,0.7203623273906823,"[0.25, 0.25, 0.25, 0.25, 0.25, 0.25, 0.25, 0.25, 0.25, 0.25, 0.25, 0.25, 0.25, 0.25]"
293,True,0.25,False,,,"[0.25, 0.25, 0.25, 0.25, 0.25, 0.25, 0.25, 0.25, 0.25, 0.25, 0.25, 0.25, 0.25, 0.25]"
294,False,,True,13,0.6937578128319859,"[0.104, 0.355, 0.114, 0.225, 0.335, 0.244, 0.209, 0.138, 0.104, 0.342, 0.257, 0.161, 0.369, 0.205]"
295,False,,False,,,"[0.175, 0.165, 0.111, 0.186, 0.179, 0.141, 0.313, 0.106, 0.326, 0.284, 0.277, 0.11, 0.361, 0.215]"
296,False,,False,,,"[0.276, 0.362, 0.202, 0.181, 0.256, 0.147, 0.322, 0.259, 0.366, 0.107, 0.282, 0.326, 0.184, 0.129]"
297,False,,True,11,0.7267175887727285,"[0.202, 0.203, 0.101, 0.323, 0.112, 0.14, 0.158, 0.323, 0.258, 0.298, 0.293, 0.336, 0.183, 0.151]"
298,False,,False,,,"[0.301, 0.305, 0.32, 0.256, 0.204, 0.292, 0.295, 0.135, 0.204, 0.333, 0.152, 0.325, 0.261, 0.235]"
299,False,,False,,,"[0.274, 0.173, 0.261, 0.154, 0.21, 0.264, 0.146, 0.131, 0.102, 0.295, 0.247, 0.366, 0.312, 0.147]"
